[
  {
    "id": "chunk-1",
    "manual": "3D 프린터 사용 매뉴얼",
    "section": null,
    "text": "3D 프린터 사용 매뉴얼\n\n18기\n\n김승준\n\n함준혁목차\n\n3D 프린터 관련 기자재 용어 정리\n\n3D 프린팅 안전교육 이수\n\nGCode 변환 소프트웨어 다운로드 & 사용 방법\n\nStyle Plus-A15C 사용법\n\nStyle NEO-A31C 사용법 # 예약엑셀에는 style plus-A31C로 표기되어 있다.\n\nM200 사용법\n\nM300 사용법\n\n각종 오류 해결 방법\n\n# 하이라이트 된 굵은 글자는 기기의 심각한 손상으로 이어질 수 있는 주의 사항입니다.\n\n# 이 매뉴얼에 적힌 내용 중 문의가 있는 경우 김승준, 함준혁에게 팀즈 채팅으로 문의바랍니다.\n\n0. 3D 프린터 관련 기자재 용어 정리\n\n① 토출봉\n\n② 익스트루더\n\n③ 노즐\n\n④ 스크래퍼\n\n⑤ 만능 솔\n\n1. 3D 프린팅 안전교육\n\n# 3D 프린터 사용자는 반드시 안전교육을 이수해야 하며 멘토링 신청시 안전교육을 이수한 후 신청하는 것을 권장한다.\n\n안전교육 사이트: https://3d.acastar.co.kr\n\n안전교육 사이트 접속 → 로그인 → 교육안내 → 교육신청 → 일반인교육 → \"3D PRINTING 산업안전교육 초급자 커리큘럼\" 이수 → 나의 강의실 → 온라인 교육 이력 → 설문조사 참여 → 나의 강의실 → 이수증 출력 → 이수증 제출\n\n2. GCode 변환 소프트웨어 다운로드 & 사용 방법\n\n# GCode 변환을 위한 STL 파일은 Fusion360(AutodeskFusion) 등의 CAD 소프트웨어를 통해 모델링해 준비해야 한다.\n\n2-1.  Style Plus-A15C, Style NEO-A31C 전용 소프트웨어 설명\n\n① 소프트웨어 설치 방법\n\n소프트웨어 다운로드 링크(큐비콘): http://www.3dcubicon.com/\n\n큐비콘 홈페이지 접속 → 3D 프린터 → 기술자료실 → 가장 최신 Cubicreator 설치파일 다운로드 → 설치\n\n② 사용 방법\n\n②-1. 프로그램 실행\n\n②-2. 프린터 선택(출력옵션 클릭 → 장치명 클릭)\n\n사용하려는 프린터 모델 선택(Style Plus-A15C 또는 Style NEO-A31C)\n\n# 출력 옵션에서 다양한 출력 세부 기능을 조작할 수 있지만 여기서는 다루지 않는다. 필요한 경우 문의한다."
  },
  {
    "id": "chunk-2",
    "manual": "3D 프린터 사용 매뉴얼",
    "section": null,
    "text": "②-3. 프로그램 왼쪽 위에서 선택한 모델명을 확인 후 열기를 눌러 모델링한 STL 파일을 불러온다. 참고로 하나의 파일을 불러온 후 여러 파일을 추가로 불러올 수 있다. 이 경우 프로그램 내에서 자체적으로 객체 배치가 되며 한번에 출력이 가능하다. 하지만 필라멘트의 상태에 따라 노즐이 이동하며 거미줄처럼 두 객체 사이에 필라멘트가 남을 수 있다. 따라서 되도록이면 한번에 하나의 객체 출력을 권장한다. 객체가 출력 가능 범위를 벗어나는 경우 프로그램에서 자체적으로 크기를 줄이므로 왼쪽 모델 변환 가능을 이용해 조작한다.\n\n②-4. 출력 준비가 되면 출력 준비를 누른다. 프로그램에서 자동으로 슬라이싱이 이루어지고 G-Code 저장 버튼이 활성화된다. G-Code 저장 버튼을 누른 후 파일을 저장하면 다음과 같은 화면이 뜨는 것을 볼 수 있다. 소모되는 필라멘트의 양과 출력에 소요되는 시간이 표시되니 이를 통해 필요한 경우 STL 파일을 수정한다.\n\n이곳에서 출력에 소요되는 시간과 소모되는 필라멘트의 양을 알 수 있다. 이 시간을 바탕으로 프린터 사용 예약을 하며 로딩과 출력 대기시간을 포함해 30분 이상 여유있게 예약한다.\n\n②-5. 노트북에 저장된 파일은 USB에 옮긴 후 3D 프린터에 연결해 사용한다. 3D 프린터에 USB를 연결한 후 파일탭에서 외장메모리를 선택해 USB에 접속한다. 이후 출력할 파일을 선택하고 복사를 눌러 3D 프린터의 내장메모리로 복사한다. 출력 준비가 되면 파일탭-내장메모리에서 복사된 파일을 선택한 후 출력을 누르면 오토레벨링 후 자동으로 출력이 된다. 출력 준비는 각 프린터 사용법을 참고한다.\n\n2-2.  M200, M300 전용 소프트웨어 설명\n\n①-1. 소프트웨어 설치 방법\n\n소프트웨어 다운로드 링크(모멘트): https://www.moment.co.kr/\n\nMOMENT 3D 검색 → 모멘트 홈페이지 접속 → Support → MomentSlicer SOFTWARE 클릭 → For Windows Download 클릭 → 설치 ZIP 파일 다운로드 → 압축 해제 → MomentSlicer_Windows_V(버전) 폴더 진입 → MomentSlicer 폴더 진입 → Moment-slicer 프로그램 파일 실행 ※ 폴더 내의 파일들을 수정/삭제/이동하면 프로그램이 정상 작동하지 않는다.\n\n①-2. Moment Slicer 최초 설정 방법"
  },
  {
    "id": "chunk-3",
    "manual": "3D 프린터 사용 매뉴얼",
    "section": null,
    "text": "프로그램 실행 → 추가 정보 클릭 → 실행 클릭 → 시작 클릭 → 아시아 태평양 클릭 → Moment M200(Mtd) 0.4mm 노즐, Moment M300(Mtd) 0.4mm 노즐 선택(※ M200과 M300은 (Mtd) 유무를 구분해야 함.) 후 다음 클릭 → 아래 그림과 동일하게 필라멘트 선택 → 다음 클릭 → 최초 소프트웨어 설정을 마침\n\n②-1. 프로그램 실행\n\n②-2. 준비하기 클릭 → 프린터 옆  클릭\n\n②-3. 다음과 같이 프린터 선택 후 수락 클릭 ※ M200과 M300은 (Mtd)유무를 구분해야 함.\n\n②-4. 프린터 모델명(Moment M200(Mtd) 0.4 nozzle)을 클릭하면 다음과 같이 표시된다. 이때 자신이 사용할 프린터를 선택한다.\n\n②-5. 필라멘트를 클릭하면 다음과 같이 표시된다. 프린터 기기는 동시에 서로 다른 색상의 2개 이상의 필라멘트 사용을 지원하지 않으므로 아래 그림과 같이 여러 필라멘트가 표시된다면 하나의 필라멘트만 남도록 표시된 버튼을 눌러 나머지 필라멘트를 삭제한다.\n\n남은 하나의 필라멘트에서 종류를 선택하면 아래와 같이 필라멘트 종류 목록이 나타난다. 이때 반드시 필라멘트로는 Moment PLA Tough 또는 PLA Sonic 중 자신이 사용할 필라멘트를 선택해야 한다.\n\n②-6. 파일 → 가져오기 → 3MF/STL/STEP...을 통해 STL 파일을 불러올 수 있다.\n\n②-7. 프로세스 창을 통해 현재 설전된 출력 옵션을 확인할 수 있다.\n\n# 출력 옵션에서 채우기/속도/강도/지지대 종류를 조작할 수 있지만 여기서는 다루지 않는다. 필요한 경우 문의한다.\n\n②-8. 출력 준비가 되면 우측 위 플레이트 슬라이스 버튼을 눌러 슬라이싱한다. 모델의 복잡도에 따라 슬라이싱에 시간이 소요될 수 있다. 슬라이싱 중 오류가 발생할 경우 프로그램에서 권장하는 오류 자동 수정 과정을 진행한다.\n\n②-9. 플레이트 슬라이스가 완료되면 추정치 합계 칸에서 다음과 같이 소요되는 총 필라멘트 길이, 소요되는 총 필라멘트 무게, 출력 소요 시간이 표시된다. 이를 바탕으로 모델 수정이 필요한 경우 수정을 진행한다. 모델의 붉은색 부분은 모델 원본 부분이고 지지대는 초록색으로 표시된다. 지지대의 위치가 적합하지 않은 경우 지지대의 종류를 바꿔 다시 슬라이싱을 시도한다."
  },
  {
    "id": "chunk-4",
    "manual": "3D 프린터 사용 매뉴얼",
    "section": null,
    "text": "이때 표시된 모델 출력 시간을 바탕으로 프린터 사용 예약을 하며 로딩과 출력 대기시간을 포함해 30분 이상 여유있게 예약한다.\n\n②-10. 슬라이싱까지 완료되면 G코드 파일 내보내기를 한다. 노트북에 저장된 파일은 USB에 옮긴 후 3D 프린터에 연결해 사용한다. 3D 프린터에 USB를 연결하면 자동으로 USB에 든 파일이 프린터로 복사된다. 따라서 USB에는 출력할 파일 하나만 담아 출력을 진행한다. 출력 준비가 되면 파일탭에서 복사된 파일을 선택한 후 출력을 누르면 자동으로 출력이 된다. 출력 준비는 각 프린터 사용법을 참고한다.\n\n※ Moment Slicer 프로그램을 삭제해야 하는 경우\n\n간혹 오류로 인해 Moment Slicer 프로그램을 삭제하고 다시 설치해야 하는 경우가 있다. 하지만 Moment Slicer는 프로그램 파일을 윈도우에 따로 저장하기 때문에 Moment Slicer 폴더를 삭제한다고 해서 프로그램이 초기화되지 않는다. 아래 설명은 Moment Slicer를 초기화/삭제하는 경우 참고하도록 한다.\n\n① Moment Slicer 폴더를 전체 삭제한다.\n\n② 바탕화면 이동 후 우클릭 → 개인 설정 선택 → 테마 선택 → 관련설정-바탕화면 아이콘 설정 선택 → 문서 체크 → 확인\n\n③ 바탕화면의 PC 사용자명 폴더 진입 → 보기-표시-숨긴항목 체크 → AppData 폴더 진입 → Local과 Roaming 폴더 내의 MomentSlicer 폴더 전체 삭제\n\n④ 2-2. 내용을 참조해 다시 소프트웨어 설치 진행\n\n3. Style Plus-A15C 사용법\n\n이 프린터로는 최대 15*15*15cm 크기까지 출력 가능하다.\n\n① 필라멘트 선택\n\nStyle Plus-A15C는 필라멘트로 큐비콘 공식 필라멘트와 타사 필라멘트를 사용한다. 큐비콘 공식 필라멘트는 NFC 태그가 내장되어 있어 대부분 필라멘트를 거치하면 자동으로 필라멘트에 맞게 온도가 설정된다. 하지만 NFC 접촉불량 또는 타사 필라멘트를 사용할 경우에는\n\n자동으로 온도가 설정되지 않으니 프린터를 사용하기 전 반드시 거치된 필라멘트 종류와 설정된 온도를 확인해야 한다. 아래는 큐비콘 공식 필라멘트(좌)와 타사 필라멘트(우)이다. 필라멘트에 적힌 설명을 보면 필라멘트 종류를 알 수 있다. 아래의 경우 PLA-i21과 PLA+이다."
  },
  {
    "id": "chunk-5",
    "manual": "3D 프린터 사용 매뉴얼",
    "section": null,
    "text": "각 필라멘트 종류에 따른 익스트루더 설정 온도는 다음과 같다. 컨트롤 화면의 필라멘트 칸에서 USER 모드로 온도를 수동으로 설정해도 되고 필라멘트 종류를 선택해도 무방하다.\n\n필라멘트 종류\n\n익스트루더 설정온도\n\nPLA\n\n210\n\nPLA+\n\n220\n\nPLA-i21\n\n210\n\n아래는 PLA로 익스트루더 온도가 설정된 모습. 필라멘트 이름을 누르면 필라멘트 종류를 바꿀 수 있다.\n\n② 로딩\n\n로딩은 필라멘트를 익스트루더 내부로 이동시켜 출력을 준비하는 과정으로 연속으로 출력할 경우 이미 로딩이 되어있다. 따라서 생략해도 무방하다. 로딩이 되어있지 않으면 출력이 안된다. 컨트롤 창에서 로딩버튼을 누르고 익스트루더의 온도를 확인한다. 온도가 목표온도에 도달하면 시작을 누른다. 필라멘트의 종류에 따라 목표온도가 다르다. (PLA는 210, PLA+, i21 등은 220으로 맞추는게 적절) 로딩이 올바르게 될 경우 소량의 필라멘트가 떨어진다. 소량의 필라멘트가 나오지 않으면 로딩이 올바르게 되지 않은 경우이므로 언로딩 후 청소를 하고 다시 로딩한다.\n\n필라멘트 장착과 로딩 과정은 영상을 참고한다.\n\n③ 파일복사\n\n파일을 올바르게 준비하여 USB에 담아 3D프린터에 삽입한다.\n\n외부메모리에서 원하는 파일을 선택 후 내부메모리로 복사한다.\n\n파일을 복사하지 않고도 출력이 가능하지만 장시간 출력할 경우 매우 높은 확률로 에러가 발생해 출력이 멈춘다.\n\n④ 출력\n\n로딩과 파일복사가 완료되었다면 내부메모리에서 해당파일을 선택하고 출력을 누른다.\n\n이때 시간이 지나도 G-code 변환중이라는 문구와 함께 아래 %가 올라가지 않는다면 오류가 난 것이므로 재시작한다.\n\n다음과 같은 상황이 반복될 경우 재시작을 해야한다.\n\n⑤ 출력 후\n\n베드에서 스크래퍼로 출력물을 분리한다. 이때 반드시 장갑과 마스크를 착용하고 진행한다.\n\n출력 직후의 베드는 60도로 매우 뜨거우니 절대 맨손으로 만지지 않도록 한다.\n\n필라멘트 언로딩 과정은 영상을 참고한다.\n\n필라멘트 언로딩을 진행한다. 목표 온도에 도달하면 언로딩 시작을 눌러준다. 언로딩이 완료되어 필라멘트가 기기에서 분리된 후 반드시 청소를 진행한다. 분리한 필라멘트는 반드시 제습제를 넣은 지퍼백에 넣어 보관한다."
  },
  {
    "id": "chunk-6",
    "manual": "3D 프린터 사용 매뉴얼",
    "section": null,
    "text": "청소 시에는 익스트루더 왼쪽의 레버를 아래로 누르고 관이 연결되는 부분의 둥근 플라스틱을 누른 채로 관을 당겨야 한다. 그냥 관을 당기게 되면 프린터기가 파손된다. 관을 분리한 후에는 레버를 누른 채로 토출봉을 이용해 청소한다.\n\n청소 과정과 필라멘트 정리 방법은 영상을 확인한다.\n\n4. Style Plus-A31C 사용법\n\n대형 3D 프린터로 대형 출력물이나 장시간 출력물(30cm*30cm*30cm)에 사용한다. 40시간 이하의 출력을 권장하고 100시간까지 가능하지만 오류가 날 확률이 매우 높아진다.\n\n① 필라멘트 선택\n\nStyle Plus-A31C는 필라멘트로 큐비콘 공식 필라멘트와 타사 필라멘트를 사용한다. 큐비콘 공식 필라멘트는 NFC 태그가 내장되어 있어 대부분 필라멘트를 거치하면 자동으로 필라멘트에 맞게 온도가 설정된다. 하지만 NFC 접촉불량 또는 타사 필라멘트를 사용할 경우에는\n\n자동으로 온도가 설정되지 않으니 프린터를 사용하기 전 반드시 거치된 필라멘트 종류와 설정된 온도를 확인해야 한다. 아래는 큐비콘 공식 필라멘트(좌)와 타사 필라멘트(우)이다. 필라멘트에 적힌 설명을 보면 필라멘트 종류를 알 수 있다. 아래의 경우 PLA-i21과 PLA+이다.\n\n각 필라멘트 종류에 따른 익스트루더 설정 온도는 다음과 같다. 컨트롤 화면의 필라멘트 칸에서 USER 모드로 온도를 수동으로 설정해도 되고 필라멘트 종류를 선택해도 무방하다.\n\n필라멘트 종류\n\n익스트루더 설정온도\n\nPLA\n\n210\n\nPLA+\n\n220\n\nPLA-i21\n\n210\n\n아래는 PLA로 익스트루더 온도가 설정된 모습. 필라멘트 이름을 누르면 필라멘트 종류를 바꿀 수 있다.\n\n② 로딩\n\n로딩은 필라멘트를 익스트루더 내부로 이동시켜 출력을 준비하는 과정으로 연속으로 출력할 경우 이미 로딩이 되어있다. 따라서 생략해도 무방하다. 로딩이 되어있지 않으면 출력이 안된다. 컨트롤 창에서 로딩버튼을 누르고 익스트루더의 온도를 확인한다. 온도가 목표온도에 도달하면 시작을 누른다. 필라멘트의 종류에 따라 목표온도가 다르다. (PLA는 210, PLA+, i21 등은 220으로 맞추는게 적절) 로딩이 올바르게 될 경우 소량의 필라멘트가 떨어진다. 소량의 필라멘트가 나오지 않으면 로딩이 올바르게 되지 않은 경우이므로 언로딩 후 청소를 하고 다시 로딩한다.\n\n필라멘트 장착과 로딩 과정은 영상을 참고한다.\n\nS\n\n③ 파일복사"
  },
  {
    "id": "chunk-7",
    "manual": "3D 프린터 사용 매뉴얼",
    "section": null,
    "text": "파일을 올바르게 준비하여 USB에 담아 3D프린터에 삽입한다.\n\n외부메모리에서 원하는 파일을 선택 후 내부메모리로 복사한다.\n\n파일을 복사하지 않고도 출력이 가능하지만 장시간 출력할 경우 매우 높은 확률로 에러가 발생해 출력이 멈춘다.\n\n④ 출력\n\n로딩과 파일복사가 완료되었다면 내부메모리에서 해당파일을 선택하고 출력을 누른다.\n\n이때 시간이 지나도 G-code 변환중이라는 문구와 함께 아래 %가 올라가지 않는다면 오류가 난 것이므로 재시작한다.\n\n다음과 같은 상황이 반복될 경우 재시작을 해야한다.\n\n⑤ 출력 후\n\n베드에서 스크래퍼로 출력물을 분리한다. 이때 반드시 장갑과 마스크를 착용하고 진행한다.\n\n출력 직후의 베드는 60도로 매우 뜨거우니 절대 맨손으로 만지지 않도록 한다.\n\n필라멘트 언로딩 과정은 영상을 참고한다.\n\n필라멘트 언로딩을 진행한다. 목표 온도에 도달하면 언로딩 시작을 눌러준다. 언로딩이 완료되어 필라멘트가 기기에서 분리된 후 반드시 청소를 진행한다. 분리한 필라멘트는 반드시 제습제를 넣은 지퍼백에 넣어 보관한다.\n\n청소 시에는 익스트루더 왼쪽의 레버를 아래로 누르고 관이 연결되는 부분의 둥근 플라스틱을 누른 채로 관을 당겨야 한다. 그냥 관을 당기게 되면 프린터기가 파손된다. 관을 분리한 후에는 레버를 누른 채로 토출봉을 이용해 청소한다.\n\n청소 과정과 필라멘트 정리 방법은 영상을 확인한다.\n\n5. M200 사용법\n\n① 필라멘트 선택\n\nMoment M200은 반드시 Moment 전용 필라멘트만을 사용해야 한다. Moment 전용 필라멘트 이미지는 아래와 같다. Moment 전용 필라멘트는 PLA Tough 또는 PLA Sonic을 사용한다. 본교에서는 두 필라멘트 중 주로 PLA Tough를 사용한다. 필라멘트 장착 방법은 ⑥ 필라멘트 교체 방법을 참고한다.\n\n② 로딩\n\n프린터의 뒷면 전원을 켠 후 앞면 전원을 켠다. Moment M200과 M300은 로딩과 언로딩 과정이 존재하지 않는다. 로딩 과정 대신 필라멘트를 교체할 때에만 필라멘트 압출 과정을 거치면 된다.\n\n③ 파일복사\n\nG코드 파일을 담은 USB를 프린터 우측 상단에 연결하면 자동으로 USB 내의 M200 G코드 파일이 전부 프린터로 복사된다. 따라서 USB에는 출력을 진행할 파일 하나만 담아서 출력을 진행한다.\n\n④ 출력"
  },
  {
    "id": "chunk-8",
    "manual": "3D 프린터 사용 매뉴얼",
    "section": null,
    "text": "익스트루더와 배드를 가열하기 위해 조작부에서 온도를 누른 후 아래(좌)와 같은 화면에서 Tough PLA 또는 Sonic PLA 중 자신이 사용할 필라멘트를 선택해 가열을 시작한다. 조작부의 왼쪽 선택 바에서는 가장 상단의 뒤로가기 버튼과 그 아래의 홈 버튼만 사용하며 그 외의 버튼은 사용하지 않는다. 가열이 완료되어 익스트루더와 배드의 온도가 각각 245도와 60도에 도달하면(Tough PLA를 사용하는 경우) 좌측의 홈 버튼을 누른다.\n\n홈 화면에서 출력을 누른 후 아래(우)와 같은 화면에서 복사된 자신의 출력 파일을 찾는다. 파일을 확인한 후 화면에 표시된 가장 오른쪽 버튼을 눌러 출력을 시작한다.\n\n⑤ 출력 후\n\nMoment 프린터는 반드시 Moment 전용 스크래퍼를 이용하여 출력물을 배드로부터 떼어낸다. 출력물이 잘 떨어지지 않는 경우 Moment 프린터는 배드가 자석 부착식이므로 배드의 앞 튀어나온 부분을 잡고 위로 들어 배드를 프린터로부터 분리한 후 출력물을 회수할 수 있다. 배드는 사용 후 두개의 나사 홈을 맞춰 다시 원래대로 부착해둔다. 출력이 종료되면 조작부에서 메인 화면 버튼을 누르고 온도를 클릭해 가열 중지 버튼을 누른다. 이후 프린터 앞 전원을 종료하고 뒷부분 전원을 종료한다.\n\n⑥ 필라멘트 교체 방법\n\nMoment M200은 반드시 Moment 전용 필라멘트만을 사용해야 한다. Moment 필라멘트는 PLA Tough 또는 PLA Sonic을 사용한다. 따라서  로고가 새겨진 필라멘트 중 Tough 또는 Sonic이 적혀있는 것을 사용한다. 출력 중 필라멘트 부족으로 출력이 중단되더라도 필라멘트 교체 후 이어서 출력이 가능하므로 출력 취소를 누르거나 필라멘트를 교체하기 전 출력 재개를 누르지 않는다.\n\n⑥-1. 프린터 우측의 필라멘트 통을 열고 빈 필라멘트 심을 꺼낸다.\n\n⑥-2. 조작부에서 설정 → 온도 → Tough PLA 또는 Sonic PLA로 가열을 시작한다.\n\n⑥-3. 필라멘트를 필라멘트 관 연결 방향에 맞춰 거치하고 반투명한 관을 통해 익스트루더 앞까지 필라멘트를 수동으로 이동시킨다. ※ 필라멘트 보관함은 항상 닫힌 상태로 유지한다"
  },
  {
    "id": "chunk-9",
    "manual": "3D 프린터 사용 매뉴얼",
    "section": null,
    "text": "⑥-4. 익스트루더에서 반투명한 관을 빼고 필라멘트를 관 밖으로 나오게 한 뒤 익스트루더의 필라멘트 연결부에 필라멘트를 최대한 집어넣는다. ※ 이때 무리한 힘을 가해 필라멘트를 집어넣으면 익스트루더가 고장난다. 필라멘트가 들어가는데 까지만 필라멘트를 넣는다.\n\n⑥-5. 설정 → 압출 → 필라멘트 넣기를 누른다.\n\n⑥-6. 익스트루더 아래로 필라멘트가 다 나올때까지 대기하고 필라멘트 넣기가 종료되면(버튼이 다시 활성화되면) 아래로 나온 필라멘트를 제거한다.\n\n⑥-7. 이전 화면으로 돌아가 출력을 재개하거나 새로운 출력을 시작할 준비가 완료되었다.\n\n※ 만약 필라멘트를 넣는 과정에서 필라멘트가 들어가지 않고 소음이 발생한다면 그 즉시 사용을 중단하고 문의한다.\n\n6. M300 사용법\n\n① 필라멘트 선택\n\nMoment M300은 반드시 Moment 전용 필라멘트만을 사용해야 한다. Moment 전용 필라멘트 이미지는 아래와 같다. Moment 전용 필라멘트는 PLA Tough 또는 PLA Sonic을 사용한다. 본교에서는 두 필라멘트 중 주로 PLA Tough를 사용한다. 필라멘트 장착 방법은 ⑥ 필라멘트 교체 방법을 참고한다.\n\n② 로딩\n\n프린터의 뒷면 전원을 켠 후 앞면 전원을 켠다. Moment M200과 M300은 로딩과 언로딩 과정이 존재하지 않는다. 로딩 과정 대신 필라멘트를 교체할 때에만 필라멘트 압출 과정을 거치면 된다.\n\n③ 파일복사\n\nG코드 파일을 담은 USB를 프린터 우측 상단에 연결하면 자동으로 USB 내의 M300 G코드 파일이 전부 프린터로 복사된다. 따라서 USB에는 출력을 진행할 파일 하나만 담아서 출력을 진행한다.\n\n④ 출력\n\n익스트루더와 배드를 가열하기 위해 조작부에서 온도를 누른 후 아래(좌)와 같은 화면에서 Tough PLA 또는 Sonic PLA 중 자신이 사용할 필라멘트를 선택해 가열을 시작한다. 조작부의 왼쪽 선택 바에서는 가장 상단의 뒤로가기 버튼과 그 아래의 홈 버튼만 사용하며 그 외의 버튼은 사용하지 않는다. 가열이 완료되어 익스트루더와 배드의 온도가 각각 245도와 60도에 도달하면(Tough PLA를 사용하는 경우) 좌측의 홈 버튼을 누른다.\n\n홈 화면에서 출력을 누른 후 아래(우)와 같은 화면에서 복사된 자신의 출력 파일을 찾는다. 파일을 확인한 후 화면에 표시된 가장 오른쪽 버튼을 눌러 출력을 시작한다.\n\n⑤ 출력 후"
  },
  {
    "id": "chunk-10",
    "manual": "3D 프린터 사용 매뉴얼",
    "section": null,
    "text": "Moment 프린터는 반드시 Moment 전용 스크래퍼를 이용하여 출력물을 배드로부터 떼어낸다. 출력물이 잘 떨어지지 않는 경우 Moment 프린터는 배드가 자석 부착식이므로 배드의 앞 튀어나온 부분을 잡고 위로 들어 배드를 프린터로부터 분리한 후 출력물을 회수할 수 있다. 배드는 사용 후 두개의 나사 홈을 맞춰 다시 원래대로 부착해둔다. 출력이 종료되면 조작부에서 메인 화면 버튼을 누르고 온도를 클릭해 가열 중지 버튼을 누른다. 이후 프린터 앞 전원을 종료하고 뒷부분 전원을 종료한다.\n\n⑥ 필라멘트 교체 방법\n\nMoment M300은 반드시 Moment 전용 필라멘트만을 사용해야 한다. Moment 필라멘트는 PLA Tough 또는 PLA Sonic을 사용한다. 따라서  로고가 새겨진 필라멘트 중 Tough 또는 Sonic이 적혀있는 것을 사용한다. 출력 중 필라멘트 부족으로 출력이 중단되더라도 필라멘트 교체 후 이어서 출력이 가능하므로 출력 취소를 누르거나 필라멘트를 교체하기 전 출력 재개를 누르지 않는다.\n\n⑥-1. 프린터 우측의 필라멘트 통을 열고 빈 필라멘트 심을 꺼낸다.\n\n⑥-2. 조작부에서 설정 → 온도 → Tough PLA 또는 Sonic PLA로 가열을 시작한다.\n\n⑥-3. 필라멘트를 필라멘트 관 연결 방향에 맞춰 거치하고 반투명한 관을 통해 익스트루더 앞까지 필라멘트를 수동으로 이동시킨다. ※ 필라멘트 보관함은 항상 닫힌 상태로 유지한다\n\n⑥-4. 익스트루더에서 반투명한 관을 빼고 필라멘트를 관 밖으로 나오게 한 뒤 익스트루더의 필라멘트 연결부에 필라멘트를 최대한 집어넣는다. ※ 이때 무리한 힘을 가해 필라멘트를 집어넣으면 익스트루더가 고장난다. 필라멘트가 들어가는데 까지만 필라멘트를 넣는다.\n\n⑥-5. 설정 → 압출 → 필라멘트 넣기를 누른다.\n\n⑥-6. 익스트루더 아래로 필라멘트가 다 나올때까지 대기하고 필라멘트 넣기가 종료되면(버튼이 다시 활성화되면) 아래로 나온 필라멘트를 제거한다.\n\n⑥-7. 이전 화면으로 돌아가 출력을 재개하거나 새로운 출력을 시작할 준비가 완료되었다.\n\n※ 만약 필라멘트를 넣는 과정에서 필라멘트가 들어가지 않고 소음이 발생한다면 그 즉시 사용을 중단하고 문의한다.\n\n7. 각종 오류 해결 방법\n\nCubicon"
  },
  {
    "id": "chunk-11",
    "manual": "3D 프린터 사용 매뉴얼",
    "section": null,
    "text": "Cubicon의 경우 큰 기계와 같은 기계 모두 같은 방식으로 작동하기에 오류 발생 원인과 해결 방안이 유사하다. 오류 케이스는 출력 시작 전 출력 중 출력 후로 나누겠다.\n\n출력 시작 전\n\n로딩이 안되는 경우\n\n로딩은 필라멘트의 일부가 나오는 것까지가 로딩이다. 로딩이 되지 않았다는 것은 필라멘트가 익스트루더로 들어가지 않았다는 뜻이며 이는 출력이 될 일이 만무하다는 뜻이다.\n\nCase1)익스트루더 청소가 제대로 이루어지지 않은 경우\n\n익스트루더의 내부에 필라멘트가 눌어붙어있는 경우 출력이 안될 확률이 높다. 따라서 토출봉으로 청소를 다시 한 후 재로딩을 한다.\n\nCase2) 모터 문제\n\nCubicon에 경우 고질적으로 모터가 약하다는 문제점이 있다.\n\n이 모터는 필라멘트를 삽입하는 부분에 위치하여 필라멘트를 위로 말아올리는 역할을 한다. 그러나 이 모터가 헛돌 때가 있는데 이때 옆에 있는 나사를 조여서 필라멘트와 모터가 잘 맞물리게 하도록 한다.\n\nCase3) 필라멘트\n\n필라멘트는 익스트루더와 닿는 호스부 끝까지 밀어올리는 것이 가장 좋다. 그렇지 않을 경우 로딩이 안된다.\n\nCase4) 기타\n\n이 모든 조건을 만족해도 로딩이 안되는 경우가 있다.\n\n그런 경우 프린터에 내장된 기능인 자가 검사를 통해 원인을 확인하거나\n\n지속적인 출력과 날씨에 영향을 받아 기계가 오류가 발생한 것일 수 있으니 다른 기기를 사용하거나 몇 시간 후 재시도 해본다.\n\n출력 시작을 눌렀는데 시작하지 않고 화면에 대기화면만 뜨는 경우오토 레벨링 중 오류가 난 것이니 재시작한다.\n\nUSB에 담은 파일이 안 보이는 경우\n\n올바른 G code로 변환한 것인지 확인한다. A31C 인지  A15C 인지 잘 확인한다.\n\n출력 중\n\n필라멘트가 나오지 않는 경우\n\nCase1) 처음부터 나오지 않았다면 로딩이 제대로 되지 않았을 확률이 높다 청소 후 로딩을 다시 해본다.\n\nCase2) 출력 중 출력물과 노즐이 따로 논다면 필라멘트가 끊어졌거나 필라멘트를 다 사용했을 확률이 높다. 이때 출력 중인 작품은 이어서 출력할 수 없고 다시 뽑아야 한다. 따라서 출력 전 예상 필라멘트 양과 여름인 경우 필라멘트의 습도를 사전에 확인하는 것이 중요하다.\n\n출력 후\n\n서포터가 떨어지지 않는 경우\n\n통상적으로 투명 필라멘트가 서포터가 잘 떨어지지 않는 경우가 많아 유의한다."
  },
  {
    "id": "chunk-12",
    "manual": "3D_프린팅_매뉴얼__설계편_(Fusion_360)",
    "section": null,
    "text": "3D 프린팅 매뉴얼 – 설계편 (Fusion\n\n360)\n\nFusion 기초\n\n0.0. 머리말\n\n설계편에 오신 여러분을 환영한다. 여기에서는 필자가 생각했을때 가장 세종과고 학생들에\n\n게 필요해보이는 기능을 정리해본 것이다.\n\n본 설계편은 초안이므로, 여러분의 피드백이 절실하다.\n\n뭐라는지 모르겠는 부분, 고쳐줬으면 하는 부분은 나에게 연락바란다.\n\n팀즈(되도록이면 팀즈로 요청 바람)\n\n: “강지오ˮ로 검색\n\n만약 자신이 20기보다 후배일 경우:\n\n문자,카톡 : 01081395017\n\n인스타: @z.o_09\n\n또한, 모델링을 잘하기 위해서는 “실험해보는 것ˮ이 가장 중요하다.\n\n시간이 난다면, 기능들을 실험해보고 기능을 하나하나 체득해 나가는것도 중요하다.\n\n여기에서 설명하는 것 이외에도 위 그림처럼 “작성ˮ 탭만 들어가도 리브, 엠보싱,…. 등등 많 은 편리한 기능들이 있다. 꼭 실험해보고, 자신이 유용하게 쓸 기능들을 더 모색해보라.\n\nFusion 알아보기 & 세팅하기\n\nFusion 360은 오토데스크에서 제공하는 3D 모델링 툴로,\n\n세종과고 학생들이 가장 많이 사용하는 CAD 툴 중 하나다.\n\n비교적 직관적인 인터페이스\n\n학생 무료 라이선스 제공\n\n그럼에도 준수한 모델링 퀄리티\n\n시작 방법\n\n https://www.autodesk.com/education/edu-software/overview# 에 들어가준 다.\n\n아래 박스에 있는 select를 누른다.\n\n 그 후, subscriptions 중 student를 누른다.\n\n 만일 아래와 같은 창이 뜬다면 당황하지 말고 다시 오토데스크 페이지로 돌아가서\n\nConfirm을 눌러주자.(그냥 새로운 창이 뜰때마다 검은색 버튼만 누르면 된다.)\n\n Fusion 다운로드를 눌러주자. 그 후 다운로드를 진행해보자.\n\n Fusion 실행 → 로그인 클릭\n\n 라이선스 발급에 사용한 계정으로 로그인하지.\n\n 로그인 완료 후 Fusion 재실행 메인 화면이 나타나면 준비 완료.\n\n📚 0.2. 퓨전 기본 용어 정리\n\n퓨전에서 친구들이 가장 어려워하는 부분이 바로 용어이다.\n\n본체, 프로파일, 스케치 등등…\n\n단어 자체는 쉬워 보이는데, 실제로는 굉장히 헷갈린다. 여기서는 실제로 많이 헷갈리는 용어들만 정리한다.\n\n📜 0.2.1. 프로파일\n\n프로파일이란,\n\n우리가 만든 물체의 모든 요소를 총칭하는 말이다. 여기에 포함되는 것들:\n\n꼭짓점\n\n모서리\n\n면"
  },
  {
    "id": "chunk-13",
    "manual": "3D_프린팅_매뉴얼__설계편_(Fusion_360)",
    "section": null,
    "text": "본체 즉,\n\n“프로파일 선택ˮ 이라고 하면\n\n어떤 수준의 요소를 선택할 것인지를 정확히 알고 있어야 한다.\n\n⚠ 삽질 point!\n\n문제\n\n아니 나는 물체를 클릭하고 이동하려고 하는데… 이상하게 점/선/면만 떨어져 나와요 ㅠㅠ\n\n답\n\n자주 나오는 삽질이다. “이동ˮ의 “프로파일ˮ 선택에서\n\n본체를 선택했는지\n\n아니면 면을 선택했는지 를 꼭 확인하라.\n\n(이 문제로 시간을 정말 많이 날릴 수 있다)\n\n📜 0.2.2. 본체\n\n본체는 가볍게\n\n“물체 하나ˮ로 생각하면 편하다. 예를 들어,\n\n페트병 전체를 하나의 물체로 본다면\n\n병뚜껑 → 본체\n\n플라스틱 병 → 본체\n\n처럼 독립적으로 존재하는 덩어리를 의미한다.\n\n📜 0.2.3. 스케치\n\n스케치는 바로 다음 절인 0.3에서 자세히 설명한다.\n\n📜 0.2.4. 스케치 프로파일\n\n우리가 만든 스케치 안에 있는\n\n점, 선, 면 전체를 통칭하는 말이다. 이 용어는\n\n돌출\n\n회전\n\n패턴\n\n같은 기능을 사용할 때 자주 등장한다.\n\n📚 0.3. 스케치 만들기\n\n퓨전의 가장 기초적이면서,\n\n앞으로 가장 자주 쓰게 될 기능이 바로 “스케치ˮ이다.\n\n퓨전이 3차원 형상을 만드는 원리는 매우 단순하다.\n\n2차원의 스케치를 만든 뒤, 그것을 3차원으로 쌓아 올리는 것\n\n이번에는 이 “스케치ˮ를 만드는 방법을 배워보자.\n\n📜 스케치 생성\n\n“스케치 작성ˮ을 클릭한다.\n\n스케치를 만들 면을 선택한다.\n\n스케치는\n\n기본 평면(XY, YZ, XZ) 위에도 만들 수 있고\n\n이미 만들어진 본체의 면 위에도 만들 수 있다. 면을 선택하면 스케치 작성 화면으로 전환된다.\n\n📜 스케치 도형들\n\n여러 가지 모양의 스케치를 만들 수 있는데,\n\n종류가 매우 많다.\n\n처음에는 다음 두 가지만 익혀도 충분하다.\n\n중심 원\n\n직선\n\n⚠ 삽질 point!\n\n문제\n\n선 그리기를 사용하고 있는데…\n\n선을 그리는데 계속 반원이 생겨요 ㅠㅠ\n\n답\n\n선 그리기에서 정말 자주 나오는 삽질 포인트다. 직선을 그릴 때는:\n\n점을 찍고\n\n끝점을 찍는 방식으로 그려야 한다.\n\n즉,\n\n선을 그릴 때 마우스를 누르고 있지 말라는 얘기다.\n\n끝점까지 꾹 누르고 있는다 → 원호\n\n시작점을 클릭하고, 끝점을 클릭한다 → 직선\n\n📚 유용한 기능들\n\n여기부터는\n\n융탐을 하든, 아니면 재미삼아 뭔가를 만들어보든\n\n알아두면 확실히 편해지는 기능들이다.\n\n📜 돌출 기능"
  },
  {
    "id": "chunk-14",
    "manual": "3D_프린팅_매뉴얼__설계편_(Fusion_360)",
    "section": null,
    "text": "가장 많이 쓰는 기능이다. 2차원 스케치를 3차원으로 올리는데 사용한다.\n\n스케치나 면 하나를 클릭 후, 작성 탭의 “돌출ˮ을 클릭하자.\n\n나오는 메뉴 중 “돌출ˮ을 클릭한다.\n\n화살표를 당겨서 원하는 길이만큼 쌓아 올린다.\n\n(화살표를 클릭한 채로 위로 올리면 돌출이 된다)\n\n📜 접합 기능\n\n필자가 생각했을 때 돌출 다음으로 많이 쓰는 기능이 아닌가 싶다.\n\n그룹화 기능이라고 생각하면 편하다. 두개 이상의 물체를 하나의 물체로 만드는 기능이다.\n\n빨간색 동그라미 친 부분이다. 접합은 3가지로 나뉜다.\n\n결합\n\n기본값이다. 돌출된 부분이 원래 물체에 붙어있게 만들고 싶을 때 사용한다.\n\n잘라내기\n\n구멍을 내거나, 각인을 시킬때 사용한다. 돌출 크기를 음수로 설정하면 자동으로 “잘라내 기ˮ로 바뀐다.\n\n이때 잘리는 부분은 투명한 빨간색으로 처리되므로 참고하자.\n\n교차\n\n돌출된 부분과 원래 물체가 겹쳐지는 부분만 살린다. 만약 접합이라면 두 물체가 겹쳐지는 부분만 남게 된다. 잘 안 쓰는 기능이다.\n\n중요! 출력까지 생각한 설계 습관(가장 중요하다.)\n\n이건 설계편이지만,\n\n출력을 염두에 두지 않은 설계는 나중에 반드시 문제를 만든다.\n\n너무 얇은 두께\n\n벽 두께가 너무 얇으면 출력이 안 된다.\n\n프린터마다 다르지만,1.2mm 이하는 특히 조심하자.\n\n꼭… 꼭 벽을 1.5mm이상으로 만드는 것을 강력히 추천한다. 특히 모터나 샤프트가 들어 갈 구멍이라면.\n\n공중에 떠 있는 구조\n\n이런 구조(이것 말고도 어느 한 부분이 공중에 떠있을 경우) 서포트 없이는 출력이 안 되거나\n\n출력 품질이 급격히 떨어진다. 설계 단계에서\n\n“이거 공중에 뜨는 거 아닌가?ˮ 한 번만 더 생각해보자.\n\n팁!\n\n이런 구조를 불가피하게 만들어야 한다면, 구멍을 더 내서 아치형으로 만들자.\n\n은근 나쁘지 않게 나온다.\n\n서포터를 피하는 설계\n\n서포터는 없는 것이 가장 좋다. 여러분들도 설계를 할때 “서포터? 뜯으면 그만 아닌가?ˮ라고\n\n생각하지 말라. 서포터 제거가 얼마나 힘든지는 해본 사람만 알 것이다.\n\n 한쪽이 막힌 구멍을 만들거면 항상 구멍이 위로 가게 만들기.\n\n이런 식으로.\n\n\n\n📜 회전체 만들기\n\n퓨전을 사용할 때\n\n회전체를 만드는 방법을 익히면 정말 많은 것을 만들 수 있게 된다. 물론 혼자서 이미 깨우쳤다면 넘어가도 좋다.\n\n회전체는\n\n원형 통\n\n원기둥\n\n도넛 구조"
  },
  {
    "id": "chunk-15",
    "manual": "3D_프린팅_매뉴얼__설계편_(Fusion_360)",
    "section": null,
    "text": "처럼 수직 단면이 원형인 물체를 만들기에 매우 유리하다.\n\n기본 흐름\n\n XY 평면에서 스케치 생성을 누른다.\n\n Y축(혹은 X축)을 대칭축으로 삼는다.\n\n 그 주변에 회전체의 단면이 될 스케치를 만든다. (스케치 만드는 법을 잘 모른다면 0.2.로)\n\n주의!\n\n스케치는 여기선 꼭 “면ˮ이어야 하기에\n\n스케치 안쪽이 하늘색으로 칠해졌는지 확인하자.\n\n(위처럼 하늘색으로 칠해져야 면으로 판정된다는 뜻)\n\n이제 스케치 모드를 나가서,(스케치 마무리 버튼을 누르면 나가진다.) 스케치를 선택한 뒤(선택하면 짙은 파란색이 된다.)\n\n“작성ˮ의 “회전ˮ을 클릭한다.\n\n그 후,\n\n축을 y축으로 설정한다.\n\n또는 회전축으로 쓰고 싶은 다른 선을 클릭해도 된다. “확인ˮ을 클릭하면…\n\n이렇게 회전체가 만들어진다. 성공!\n\n📜 원형 패턴\n\n기어처럼\n\n반복된 패턴을 가진 물체를 만들 때 매우 유용하다. 이 기능을 이용하면, 한 축 혹은 곡선을 기준으로 물체들을 원형으로 배치할 수 있다.\n\n사용 방법\n\n“작성ˮ 탭에서 “원형 패턴ˮ을 고른다.\n\n직사각형대로 배치할거면\n\n두 개의 선택 칸이 있다.\n\n축(원형으로 배치할 중심축)\n\n객체 (원형으로 배치할 본체)\n\n회전축을 선택할 때\n\n굳이 선을 하나 더 만들기는 귀찮으므로,\n\n웬만하면 애초부터 X축, Y축, Z축을 회전축으로 하고 물체를 배치하자. 좌표축들은 커서를 대면 바로 선택되기에 매우 편하다.\n\n이후:\n\n축을 기준으로 배치할 물체를 클릭한다.\n\n개수를 입력한다. 여기에 입력하는 숫자가\n\n원형으로 복사되는 물체의 수이다.\n\n확인을 누르면 끝.\n\n📜 이동 기능 팁들\n\n퓨전 360의 단점이자 장점이 하나 있다.\n\n👉 단순한 클릭 후 드래그 만으로는 이동이 안 된다. 반드시\n\n“이동/복사ˮ 버튼을 클릭해야 한다.\n\nTip 1\n\n친구들 중에\n\n이 이동/복사를 맨날 상단 탭에서 굳이굳이 찾아서 하는 친구가 있다. 왼쪽의 사이드바에서 우클릭을 해보라.\n\n(우클릭 후 화면 사진)\n\n여기서 이동/복사 기능을 클릭할 경우 자동으로 대상이 우클릭한 본체로 결정된다.\n\nTip 2 – 피벗 변경\n\n회전할 때 특히 유용한 기능이다.\n\n우리가 물체 회전을 할 때 회전축이 달라야 하는 경우가 많다.\n\n그럴 때 기준점을 바꾸면 매우 편하다.\n\n이동/복사 사이드탭에서 “피벗 변경ˮ을 찾는다.\n\n옆에 있는 아이콘을 눌러보자.\n\n피벗 변경을 누르고 나면\n\n클릭하는 곳으로 기준점을 변경할 수 있다."
  },
  {
    "id": "chunk-16",
    "manual": "3D_프린팅_매뉴얼__설계편_(Fusion_360)",
    "section": null,
    "text": "⚠ 삽질 point!\n\n문제: 이동, 회전이 싹다 안 먹혀요…. 이것 때문에 진행을 못하고 있어요…\n\n답:\n\n난 이 삽질 때문에 몇 시간정도를 날렸었기 때문에 이것만큼은 꼭 알아두길 바란다. 꼭 피벗 변경 아이콘이 체크 표시(왼쪽 그림)가 되어있는지 확인하라.\n\nㄴ만약 되어있다면 현재 피벗 변경 상태라는 것이다. 이 상태에서는 회전을 해도, 이동을 해 도 기준점만 이동하므로, 바꿔줘야 한다.\n\n아이콘을 한번 더 눌러서 체크표시를 해제해주자.\n\nTip 3 – 점대점 이동\n\n물체를 다른 물체 쪽으로\n\n딱 맞게 이동시켜야 한다면 이 기능을 써라. 쉽게 말하면,\n\n점 두 개를 선택했을 때\n\n그 두 점이 같은 좌표가 되도록 물체를 옮기는 기능이다.\n\n하나의 점은 가만히 있고 다른 점이 이동하는 방식이다.\n\n우선 2번째 칸의 “선택ˮ을 누르고 움직이고 싶은 물체를 클릭해주자.\n\n여기에서 원점은 선택한 본체(움직일 물체)의 점, 대상점은 원점이 이동 후 도착할 곳이다.\n\n이렇듯 점대점 이동은 글로 표현하기에는 너무 장황해지므로, 구글에 “퓨전 360 점대점 이동ˮ을 검색해서 알아보길 권장한다.\n\n📜 홈 뷰(Home View)로 가기, 시야 회전\n\n작업을 하다보면\n\n자신도 모르게 시야가 이상하게 틀어져버리기 마련이다.\n\n이럴 때, 홈 뷰를 이용하면 원래 보던 방향으로 돌아갈 수 있다. 이상한 방향이 되어버렸을 경우에,\n\n여기에서 집 모양 버튼을 클릭해주자.\n\n그러면 우리가 보기 편한 상태로 돌아가게 된다.\n\n또한, 큐브를 오른쪽 마우스를 클릭한 상태에서 돌리면 원하는 대로 시야 조정도 가능하다.\n\nDXF, SVG 불러오기(이미지, 로고 각인하는 방법)\n\n이 기능은 여러 가지 그래프나 곡선 형태를 비교하는 융탐을 진행 중이라면 써보기에 아주 좋 은 기능이다.\n\n우선 이 기능은 DXF, SVG 같은 이미지들을 실제 스케치로 옮길 수 있는 기능이다.\n\n로고, 이미지같이 새겨넣고 싶은 것을 각인하는데도 사용할 수 있고, 정확한 모양으로 본체 를 다듬는데도 사용할 수 있다.\n\n불러오는 방법\n\n 맨 오른쪽에 있는 “삽입ˮ탭을 클릭한다.\n\n DXF/SVG 불러오기를 택한다.\n\n로고를 각인할 생각이면 SVG, 이차함수 곡선 등 정확한 모양으로 만들거면 DXF를 불러 오자.\n\n 옆에 뜨는 사이드바에서 파일 불러오기를 선택한다.\n\n 파일을 업로드한다.\n\n 스케치가 놓일 평면을 고른다.\n\n 확인을 누른다."
  },
  {
    "id": "chunk-17",
    "manual": "3D_프린팅_매뉴얼__설계편_(Fusion_360)",
    "section": null,
    "text": "모든 세팅을 마치면 선택한 평면 위에 스케치가 올라간다.\n\n(위에 있는게 원본 svg, 아래에 있는게 스케치로 불러왔을때 결과) 얘를 돌출시키는 것도 가능하고, 회전시키는 것도 가능하다.\n\n간혹 초록색 선으로 보일 때도 있는데, 기본적으로 일반 파란색 스케치와 동일하니 그대 로 진행하면 된다.\n\n돌출(Extrude)을 쓸 때 주의할 점\n\n스케치를 그리고 나면\n\n대부분 제일 먼저 쓰게 되는 기능이 돌출이다. 하지만 돌출은 생각보다 옵션이 많고,\n\n대충 쓰면 나중에 수정이 정말 귀찮아진다.\n\n돌출의 기본 개념\n\n돌출은\n\n스케치 면을 일정 거리만큼 쌓아 올리는 기능이다. 이때 중요한 건 두 가지다.\n\n어느 방향으로 돌출되는지\n\n어떤 기준으로 돌출되는지\n\n돌출 방향\n\n한쪽 방향\n\n양방향\n\n대칭 대칭 돌출은\n\n나중에 수정할 때 구조를 유지하기가 편하다.\n\n특히 중심 기준 부품을 만들 때는\n\n처음부터 대칭 돌출을 고려해보자.\n\n히스토리(타임라인)를 대하는 태도\n\n퓨전 하단을 보면\n\n지금까지 한 작업들이 타임라인으로 쌓여 있다. 이건 단순한 기록이 아니라,\n\n모델의 설계 철학이 담긴 순서다.\n\n타임라인에서 절대 하면 안 되는 것\n\n중간 작업을 아무 생각 없이 삭제\n\n경고 뜨는데 그냥 무시하고 진행 이러면 나중에\n\n갑자기 모델이 깨지거나\n\n수정 불가능한 상태가 된다.\n\n타임라인을 잘 쓰는 방법\n\n중요한 단계마다 멈춰서 확인하기\n\n스케치 → 돌출 → 패턴 순서를 의식하기\n\n“나중에 내가 다시 볼 수도 있다ˮ는 생각으로 만들기 퓨전은\n\n미래의 나와 협업하는 툴이라고 생각하면 편하다.\n\n본체가 많아졌을 때 관리하는 법\n\n조금만 만들다 보면\n\n본체가 여러 개 생기기 시작한다. 이때부터 모델이 갑자기 복잡해진다.\n\n브라우저(좌측 패널) 활용하기\n\n본체 이름 바꾸기\n\n필요 없는 본체 숨기기\n\n잠시 작업 안 하는 본체는 꺼두기 이걸 안 하면\n\n클릭 미스가 잦아지고\n\n엉뚱한 본체를 수정하게 된다.\n\n이름 짓는 습관\n\n처음엔 귀찮아도\n\n본체 이름을 이렇게만 바꿔줘도 훨씬 편해진다.\n\nBody1  base\n\nBody2  shaft\n\nBody3  cover\n\n특히 융탐 보고서용 모델은\n\n이게 나중에 설명할 때 큰 도움이 된다."
  }
]